<?xml version="1.0" encoding="UTF-8" standalone="no"?>
<Canvas xmlns="http://www.jgrasp.org">
  <Language>Java</Language>
  <Size>
    <W>623</W>
    <H>491</H>
  </Size>
  <Grid>
    <Snap>true</Snap>
    <Show>false</Show>
  </Grid>
  <Scope id="0">
    <Name>insertionSort</Name>
    <Signature>([Ljava/lang/Comparable;)V</Signature>
    <DeclaringType>Sorting</DeclaringType>
    <Depth>1</Depth>
  </Scope>
  <Frame>
    <Bounds>
      <AutoSize>true</AutoSize>
      <X>380</X>
      <Y>320</Y>
      <W>108</W>
      <H>41</H>
    </Bounds>
    <Viewer>
      <ScopeID>0</ScopeID>
      <Expression>position</Expression>
      <ViewerClass>_X_PresentationToStringView</ViewerClass>
    </Viewer>
  </Frame>
  <Frame>
    <Bounds>
      <AutoSize>true</AutoSize>
      <X>150</X>
      <Y>320</Y>
      <W>108</W>
      <H>41</H>
    </Bounds>
    <Viewer>
      <ScopeID>0</ScopeID>
      <Expression>key</Expression>
      <ViewerClass>_X_PresentationToStringView</ViewerClass>
    </Viewer>
  </Frame>
  <Frame>
    <Bounds>
      <AutoSize>true</AutoSize>
      <X>200</X>
      <Y>70</Y>
      <W>378</W>
      <H>192</H>
    </Bounds>
    <Viewer>
      <ScopeID>0</ScopeID>
      <Expression>list</Expression>
      <ViewerClass>java__lang__Object_LinkedView</ViewerClass>
      <ViewerData>
        <StructureData>
          <Type>Array</Type>
          <SzExp>_struct_.length</SzExp>
          <ElementExp>_struct_[_index_]</ElementExp>
          <IndexExp>position</IndexExp>
        </StructureData>
      </ViewerData>
    </Viewer>
  </Frame>
</Canvas>
