<?xml version="1.0" encoding="UTF-8" standalone="no"?>
<Canvas xmlns="http://www.jgrasp.org">
  <Language>Java</Language>
  <ShowTypes>false</ShowTypes>
  <Version>2</Version>
  <Grid>
    <Snap>true</Snap>
    <Show>false</Show>
  </Grid>
  <Scope id="1">
    <Name>main</Name>
    <Signature>([Ljava/lang/String;)V</Signature>
    <DeclaringType>NumberInsertionSort</DeclaringType>
    <Depth>0</Depth>
  </Scope>
  <Scope id="0">
    <Name>insertionSort</Name>
    <Signature>([Ljava/lang/Comparable;)V</Signature>
    <DeclaringType>Sorting</DeclaringType>
    <Depth>1</Depth>
  </Scope>
  <Frame>
    <Bounds>
      <AutoSize>true</AutoSize>
      <X>300</X>
      <Y>300</Y>
      <W>90</W>
      <H>53</H>
    </Bounds>
    <LabelLoc>
      <WO>false</WO>
    </LabelLoc>
    <Viewer>
      <ScopeID>0</ScopeID>
      <Expression>`local int` position</Expression>
      <ViewerClass>_X_PresentationToStringView</ViewerClass>
    </Viewer>
  </Frame>
  <Frame>
    <Bounds>
      <AutoSize>false</AutoSize>
      <X>40</X>
      <Y>60</Y>
      <W>469</W>
      <H>215</H>
    </Bounds>
    <PanelSize>
      <Key>java__lang__Object_LinkedView0</Key>
      <Order>4</Order>
      <W>475</W>
      <H>250</H>
    </PanelSize>
    <Viewer>
      <ScopeID>1</ScopeID>
      <Expression>`local java.lang.Integer[]` ia</Expression>
      <Indices>position</Indices>
      <ViewerClass>java__lang__Object_LinkedView</ViewerClass>
      <ViewerData>
        <StructureData>
          <Type>Array</Type>
          <SzExp>_struct_.length</SzExp>
          <ElementExp>_struct_[_index_]</ElementExp>
        </StructureData>
        <ViewData/>
      </ViewerData>
    </Viewer>
  </Frame>
  <Frame>
    <Bounds>
      <AutoSize>true</AutoSize>
      <X>50</X>
      <Y>300</Y>
      <W>90</W>
      <H>53</H>
    </Bounds>
    <LabelLoc>
      <WO>false</WO>
    </LabelLoc>
    <Viewer>
      <ScopeID>0</ScopeID>
      <Expression>`local int` index</Expression>
      <ViewerClass>_X_PresentationToStringView</ViewerClass>
    </Viewer>
  </Frame>
  <Frame>
    <Bounds>
      <AutoSize>true</AutoSize>
      <X>170</X>
      <Y>300</Y>
      <W>90</W>
      <H>53</H>
    </Bounds>
    <Viewer>
      <ScopeID>0</ScopeID>
      <Expression>`local java.lang.Comparable` key</Expression>
      <ViewerClass>_X_PresentationToStringView</ViewerClass>
    </Viewer>
  </Frame>
  <Size>
    <W>680</W>
    <H>497</H>
  </Size>
  <ESize>
    <W>680</W>
    <H>497</H>
  </ESize>
</Canvas>
