<?xml version="1.0" encoding="UTF-8" standalone="no"?>
<Canvas xmlns="http://www.jgrasp.org">
  <Language>Java</Language>
  <ShowTypes>false</ShowTypes>
  <Version>2</Version>
  <Grid>
    <Snap>true</Snap>
    <Show>false</Show>
  </Grid>
  <Scope id="0">
    <Name>selectionSort</Name>
    <Signature>([Ljava/lang/Comparable;)V</Signature>
    <DeclaringType>Sorting</DeclaringType>
    <Depth>1</Depth>
  </Scope>
  <Scope id="1">
    <Name>main</Name>
    <Signature>([Ljava/lang/String;)V</Signature>
    <DeclaringType>NumberSelectionSort</DeclaringType>
    <Depth>0</Depth>
  </Scope>
  <Frame>
    <Bounds>
      <AutoSize>true</AutoSize>
      <X>80</X>
      <Y>590</Y>
      <W>90</W>
      <H>53</H>
    </Bounds>
    <Viewer>
      <ScopeID>0</ScopeID>
      <Expression>`local java.lang.Comparable` temp</Expression>
      <ViewerClass>_X_PresentationToStringView</ViewerClass>
    </Viewer>
  </Frame>
  <Frame>
    <Bounds>
      <AutoSize>false</AutoSize>
      <X>80</X>
      <Y>230</Y>
      <W>478</W>
      <H>241</H>
    </Bounds>
    <PanelSize>
      <Key>java__lang__Object_LinkedView0</Key>
      <Order>4</Order>
      <W>484</W>
      <H>276</H>
    </PanelSize>
    <Viewer>
      <ScopeID>1</ScopeID>
      <Expression>ia</Expression>
      <Indices>i$#scan#min</Indices>
      <ViewerClass>java__lang__Object_LinkedView</ViewerClass>
      <ViewerData>
        <StructureData>
          <Type>Array</Type>
          <SzExp>_struct_.length</SzExp>
          <ElementExp>_struct_[_index_]</ElementExp>
        </StructureData>
        <ViewData>
          <Width>31</Width>
        </ViewData>
      </ViewerData>
    </Viewer>
  </Frame>
  <Frame>
    <Bounds>
      <AutoSize>true</AutoSize>
      <X>300</X>
      <Y>490</Y>
      <W>90</W>
      <H>53</H>
    </Bounds>
    <LabelLoc>
      <WO>false</WO>
    </LabelLoc>
    <Viewer>
      <ScopeID>0</ScopeID>
      <Expression>`local int` scan</Expression>
      <ViewerClass>_X_PresentationToStringView</ViewerClass>
    </Viewer>
  </Frame>
  <Frame>
    <Bounds>
      <AutoSize>true</AutoSize>
      <X>190</X>
      <Y>490</Y>
      <W>90</W>
      <H>53</H>
    </Bounds>
    <LabelLoc>
      <WO>false</WO>
    </LabelLoc>
    <Viewer>
      <ScopeID>0</ScopeID>
      <Expression>`local int` min</Expression>
      <ViewerClass>_X_PresentationToStringView</ViewerClass>
    </Viewer>
  </Frame>
  <Frame>
    <Bounds>
      <AutoSize>false</AutoSize>
      <X>80</X>
      <Y>40</Y>
      <W>298</W>
      <H>162</H>
    </Bounds>
    <PanelSize>
      <Key>java__lang__Object_BarGraphView0</Key>
      <Order>4</Order>
      <W>304</W>
      <H>197</H>
    </PanelSize>
    <Viewer>
      <ScopeID>1</ScopeID>
      <Expression>ia</Expression>
      <ViewerClass>java__lang__Object_BarGraphView</ViewerClass>
    </Viewer>
  </Frame>
  <Frame>
    <Bounds>
      <AutoSize>true</AutoSize>
      <X>80</X>
      <Y>490</Y>
      <W>90</W>
      <H>53</H>
    </Bounds>
    <LabelLoc>
      <WO>false</WO>
    </LabelLoc>
    <Viewer>
      <ScopeID>0</ScopeID>
      <Expression>`local int` index</Expression>
      <ViewerClass>_X_PresentationToStringView</ViewerClass>
    </Viewer>
  </Frame>
  <Size>
    <W>454</W>
    <H>845</H>
  </Size>
  <ESize>
    <W>454</W>
    <H>845</H>
  </ESize>
</Canvas>
