<?xml version="1.0" encoding="UTF-8" standalone="no"?>
<Canvas xmlns="http://www.jgrasp.org">
  <Language>Java</Language>
  <ShowTypes>false</ShowTypes>
  <Version>2</Version>
  <Grid>
    <Snap>true</Snap>
    <Show>false</Show>
  </Grid>
  <Scope id="0">
    <Name>main</Name>
    <Signature>([Ljava/lang/String;)V</Signature>
    <DeclaringType>ProductArraySorts</DeclaringType>
    <Depth>0</Depth>
  </Scope>
  <Frame>
    <Bounds>
      <AutoSize>true</AutoSize>
      <X>30</X>
      <Y>70</Y>
      <W>185</W>
      <H>126</H>
    </Bounds>
    <Viewer>
      <ScopeID>0</ScopeID>
      <Expression>`local Product[]` pArr</Expression>
      <ViewerClass>_X_A_ToStringView</ViewerClass>
    </Viewer>
  </Frame>
  <Size>
    <W>372</W>
    <H>613</H>
  </Size>
  <ESize>
    <W>372</W>
    <H>613</H>
  </ESize>
</Canvas>
