<?xml version="1.0" encoding="UTF-8" standalone="no"?>
<Canvas xmlns="http://www.jgrasp.org">
  <Language>Java</Language>
  <ShowTypes>false</ShowTypes>
  <Version>2</Version>
  <Grid>
    <Snap>true</Snap>
    <Show>false</Show>
  </Grid>
  <Scope id="0">
    <Name>main</Name>
    <Signature>([Ljava/lang/String;)V</Signature>
    <DeclaringType>MagazineExample</DeclaringType>
    <Depth>0</Depth>
  </Scope>
  <Frame>
    <Bounds>
      <AutoSize>true</AutoSize>
      <X>90</X>
      <Y>160</Y>
      <W>257</W>
      <H>86</H>
    </Bounds>
    <Viewer>
      <ScopeID>0</ScopeID>
      <Expression>mag2</Expression>
      <ViewerClass>_X_ElementView</ViewerClass>
    </Viewer>
  </Frame>
  <Frame>
    <Bounds>
      <AutoSize>true</AutoSize>
      <X>90</X>
      <Y>394</Y>
      <W>80</W>
      <H>54</H>
    </Bounds>
    <LabelLoc>
      <WO>false</WO>
    </LabelLoc>
    <Viewer>
      <ScopeID>0</ScopeID>
      <Expression>Magazine.count</Expression>
      <ViewerClass>_X_ElementView</ViewerClass>
    </Viewer>
  </Frame>
  <Frame>
    <Bounds>
      <AutoSize>true</AutoSize>
      <X>90</X>
      <Y>50</Y>
      <W>265</W>
      <H>86</H>
    </Bounds>
    <Viewer>
      <ScopeID>0</ScopeID>
      <Expression>mag1</Expression>
      <ViewerClass>_X_ElementView</ViewerClass>
    </Viewer>
  </Frame>
  <Frame>
    <Bounds>
      <AutoSize>true</AutoSize>
      <X>90</X>
      <Y>270</Y>
      <W>284</W>
      <H>91</H>
    </Bounds>
    <Viewer>
      <ScopeID>0</ScopeID>
      <Expression>mag3</Expression>
      <ViewerClass>_X_ElementView</ViewerClass>
    </Viewer>
  </Frame>
  <Size>
    <W>545</W>
    <H>599</H>
  </Size>
  <ESize>
    <W>545</W>
    <H>599</H>
  </ESize>
</Canvas>
